peaks_diff,period,oxigen_per_lit
417.119047619,1.97759885187,0.766093645485
186.0,9.95066309541,2.66540301003
273.0,2.44103246128,1.43829431438
328.333333333,2.41970231984,1.57414715719
296.666666667,2.58105977433,1.52614715719
311.666666667,2.41399215807,1.55817391304
364.866666667,2.76026916794,1.39244147157
403.466666667,2.76054832369,1.59195150502
352.666666667,2.43023723828,1.74719899666
382.5,2.50201900403,1.67838628763
447.333333333,2.49814000458,1.95615886288
452.333333333,2.58582828309,1.86503010033
451.5,2.47982000403,2.09099498328
493.3,2.5786905911,2.02214381271
489.833333333,2.44814548333,2.31487625418
521.266666667,2.5506707108,2.37668227425
530.8,2.89696359786,2.16903010033
516.6,2.92236301679,2.25886956522
539.566666667,2.59989981138,2.83938963211
533.4,2.56126955964,2.49039966555
557.833333333,2.52305411298,2.79474916388
519.166666667,2.49254907811,3.09788628763
524.833333333,2.35981521969,3.29392140468
562.428571429,2.26358104254,3.31079598662
567.452380952,2.13313992499,3.84886956522
576.857142857,2.09143251269,3.85097658863
553.571428571,2.10810582717,3.85689632107
586.714285714,2.07536536697,3.98078929766
562.0,1.8483113863,4.61781270903
560.788888889,1.65528380509,5.36295652174
592.622222222,1.5676338476,5.34972575251
594.344444444,1.54600972184,6.18023244147
595.1,1.48494608673,6.24140133779
631.727272727,1.37090487442,6.41905351171
624.727272727,1.34349200976,7.18418561873
638.181818182,1.33213108534,7.18043478261
586.636363636,1.3294026319,7.30641471572
524.583333333,1.29441282328,7.72860200669
494.840659341,1.07023006219,8.29467558528
471.6,0.997486650971,9.08726086957
506.141025641,0.983778740678,9.77113712375
554.366666667,1.47666968972,5.53368227425
570.222222222,1.56615639087,6.0633277592
580.0,1.51162435477,6.65513712375
592.263636364,1.48526650367,6.5467090301
583.0,1.49259161278,6.71245652174
326.785714286,1.28487145234,1.38351337793
287.682539683,1.49358904137,3.38193478261
385.0,1.48836364273,3.15302508361
343.4,1.49324776243,3.34997491639
475.0,1.48528979555,3.32183946488
546.4,1.48062592122,4.35635117057
462.425,1.48450854912,4.32979431438
452.9,1.46754739838,4.53206187291
343.384615385,1.13830500497,4.91799498328
423.787878788,1.49842185155,3.84566722408
473.8,1.45977929212,4.42224080268
449.363636364,1.37628682708,4.34410869565
476.6,1.48324983792,4.68232441472
141.8,3.70908788657,4.3321638796
547.3,1.50258045368,4.23913210702
543.244444444,1.53519823303,4.19596488294
493.118181818,1.43743160253,4.58960367893
652.125,1.2258355917,0.00200668896321
337.361111111,1.65450720964,0.00200668896321
542.25,1.67417598336,0.00401337792642
447.5,2.06114768211,3.2153361204
338.0,2.48697720723,2.85182943144
650.4,3.30089556606,3.32977926421
367.933333333,2.52961868252,3.01320568562
459.333333333,2.4964891549,2.88874080268
389.666666667,2.49290579497,2.89914381271
448.833333333,2.51818052979,2.74587458194
463.166666667,2.50961596448,3.08100501672
538.0,2.4566076597,3.02969732441
614.738095238,2.50250897118,3.01245986622
629.761904762,0.731090261186,3.60011992165
734.666666667,1.10094839545,2.24004013378
353.4,2.91397809104,1.32543311037
415.766666667,2.64335154456,1.65757859532
517.0,2.97730317804,1.911409699
718.75,3.31346996458,1.97467725753
794.35,3.2928485403,2.19985117057
700.333333333,2.89924632884,2.46469565217
644.5,2.65545247849,2.51443645485
624.0,2.44086293761,2.27668896321
545.0,2.89890955218,1.99844481605
700.0,2.68217369131,2.44630267559
677.166666667,2.54454253173,2.22392809365
640.0,2.79802945829,2.23308361204
527.0,6.54439926606,1.52322073579
713.4,2.99090879646,2.09343812709
618.083333333,1.25116337668,4.28820735786
625.170833333,1.0736805139,7.17491973244
629.35,0.963551295092,7.76697658863
611.125,0.940521930642,7.54358026756
633.125,0.937259508206,7.62798494983
630.352941176,0.890761389062,8.20046655518
559.8,2.65141059056,0.720150501672
222.166666667,5.12322928881,1.53700668896
380.0,4.7978365965,1.58212374582
307.833333333,2.62359186457,1.82794983278
275.457142857,2.55359930825,2.34368729097
265.866666667,2.57881964623,1.80666220736
280.0,2.3686982382,1.66772408027
288.238095238,2.50631636298,1.66581270903
516.875,2.08750283123,1.95144481605
322.142857143,2.28058984854,1.7855367893
340.142857143,2.00647100682,2.15561204013
338.833333333,2.30943258683,2.05327424749
401.333333333,1.6657774285,2.78542140468
485.857142857,1.67176653226,2.70733110368
431.206349206,1.7130067065,2.94636789298
408.166666667,1.89185728958,2.86295150502
482.25,1.65226495615,3.25931772575
422.25,1.99430771909,3.30000668896
413.25,2.01283433407,3.51680434783
515.125,1.75406046161,3.63140468227
568.694444444,1.70121179125,3.547409699
509.138888889,1.68633905551,4.07542307692
500.111111111,1.65038226576,4.14370568562
597.555555556,1.64264435163,4.36749665552
589.430555556,1.64630426739,4.22576254181
625.666666667,1.67028464057,4.2867909699
647.933333333,1.62967535193,4.60789966555
601.711111111,1.59943893244,4.93574414716
675.955555556,1.60220465547,5.09475083612
725.222222222,1.61150761828,4.9074180602
777.333333333,1.61708927313,5.15331270903
622.066666667,1.59220073531,5.63206187291
542.0,2.78615577661,5.88338795987
682.0,1.22476308181,6.24585953177
-189.8,3.95733781388,6.53753177258
576.980769231,1.20682665399,6.59944816054
652.230769231,1.15291757797,7.39001170569
608.291208791,1.15198275108,7.35871070234
634.230769231,1.15346551557,7.38258862876
542.82967033,1.13942613329,7.74894481605
637.153846154,1.13227463392,8.00434949833
634.175824176,1.12572969389,8.19604347826
642.203296703,1.12900550599,8.1982826087
627.928571429,1.11691604889,8.30113043478
666.909090909,1.20970364202,4.11010200669
636.3125,0.973631510798,7.76773411371
621.6875,0.908078751882,7.87382107023
623.272058824,0.904675385212,7.93276086957
632.727941176,0.92129610804,7.96480936455
294.428571429,2.0659717437,2.56868227425
433.3,2.65806306699,2.05931270903
471.428571429,2.18918856267,2.48902842809
543.125,1.8172027142,3.53780434783
529.714285714,2.04859820906,3.1020819398
565.666666667,1.73012286204,4.12177591973
600.222222222,1.60979492236,4.15842140468
627.5,1.57158388731,4.20054180602
644.2,1.49226326705,4.9224632107
652.2,1.462174616,4.89768561873
696.572727273,1.41071837811,5.60887959866
699.818181818,1.39119537109,5.30116053512
681.309090909,1.40042018851,5.64686622074
737.545454545,1.36616529589,6.01137959866
729.181818182,1.3543435095,5.7225451505
737.0,1.36220249873,5.78030602007
1071.0,9.58555528626,0.545317725753
758.757142857,0.689282162838,3.42353177258
580.75,2.71187090101,2.18185618729
543.733333333,2.70377158658,1.82465719064
633.933333333,2.85854209282,2.19292976589
710.5,2.41900112362,2.50460869565
779.833333333,2.3778885467,2.81795317726
760.5,2.32276917198,3.13559197324
785.69047619,2.35774419953,2.92180434783
857.5,2.61102162877,2.95300668896
791.333333333,2.4824143149,2.87464046823
817.142857143,2.08339785554,3.2614916388
826.619047619,2.28308001862,2.59240133779
807.571428571,2.35520268439,3.14865551839
742.19047619,2.22891294764,2.95767391304
772.714285714,2.13517867218,3.07780936455
797.476190476,2.34371346681,2.88886287625
549.222222222,1.5440600659,3.18895986622
615.233333333,1.33838832141,5.59585451505
596.636363636,1.37559200304,4.9149632107
584.763636364,1.38373768585,4.76811538462
561.909090909,1.38068375031,5.17998160535
597.5,1.3726477398,5.2871270903
573.666666667,3.77040453328,1.52241638796
354.333333333,5.84746063104,1.98864882943
417.848484848,0.27605995832,2.82049331104
403.466666667,1.46340122302,2.89295317726
560.2,1.45527794555,3.50796655518
538.3,1.46572160976,4.20442140468
600.436363636,1.46540967971,4.6447826087
635.9,1.49737220629,4.68966220736
761.975,1.56272881735,4.64728762542
690.6,1.47726125484,4.80559866221
810.7,1.47509186387,4.87105016722
376.777777778,1.50420430438,4.40540635452
463.0,1.49079166527,4.57373076923
533.222222222,1.50307424385,4.54207525084
570.0,1.48207376115,4.70202508361
569.958333333,1.75641021429,4.19495986622
638.111111111,1.5676898184,4.67746989967
623.919191919,1.50063816136,5.5852826087
373.0,14.8989190771,0.012
706.515151515,1.03430985678,2.36318227425
227.0,7.47028747051,0.725453177258
455.0,6.5928412199,0.605819397993
646.666666667,5.63724894424,1.26365719064
626.5,5.41522084027,1.19882608696
530.333333333,2.5565892436,1.63424916388
385.6,2.9215733703,1.63093979933
502.0,2.73320921078,1.52442809365
436.4,3.27056624088,1.33726086957
392.583333333,2.80606776792,1.76878929766
566.8,3.37262242625,1.35353177258
444.75,2.82978311021,1.43855518395
418.233333333,2.94227801865,1.3622993311
536.05,2.69341161253,1.46557525084
442.2,2.76923821834,1.56863043478
431.4,2.88087239217,1.2091270903
748.19047619,1.76832437306,1.26836789298
722.69047619,2.12860167781,3.1977993311
857.380952381,2.62841191951,2.82214715719
1044.28571429,2.1143745827,3.70556354515
1132.18055556,1.77542520146,4.25557190635
1145.38888889,1.51585035631,5.19094648829
1230.2,1.46545737171,5.74234113712
1083.22222222,1.59641518415,5.22092307692
1043.98888889,1.51946526122,5.78835451505
1137.8,1.48841024043,5.43314882943
1148.62727273,1.41924593918,5.86656688963
1181.3,1.43567595277,5.60004849498
1068.2,1.43616706258,5.76042140468
1008.9,1.4777260714,5.78636789298
1003.69090909,1.41995618985,6.16269063545
1042.45454545,1.42470744166,6.12713377926
532.066666667,2.87418782062,0.012
390.0,5.36505542822,3.34431605351
465.0,5.24958197049,2.0184180602
367.333333333,5.39238522501,1.56168394649
389.85,2.97792813894,1.5845735786
241.5,4.09517994098,1.03611371237
295.333333333,3.48783743258,1.27639966555
323.2,3.35156675248,1.58009698997
329.583333333,2.68530743396,1.50419397993
473.214285714,2.00172186147,2.29885284281
566.5,3.76119113101,1.73086454849
405.5,3.73678587555,1.71497157191
434.8,2.84262445644,1.88784782609
437.8,2.74583881639,1.93649498328
483.4,2.72854503122,2.20312374582
489.833333333,2.33376117768,2.47852675585
542.547619048,2.24007896025,2.61076421405
536.166666667,2.27539280586,2.56498327759
518.958333333,2.02895961311,3.54597993311
594.142857143,2.28530872211,2.76815719064
448.333333333,5.70107888787,2.50256688963
637.19047619,2.26852918369,3.65432274247
640.833333333,2.25994485455,3.36855351171
681.880952381,2.21184874361,3.15573578595
711.142857143,2.06564050333,3.6267826087
734.803571429,1.95218860004,4.00951003344
695.666666667,1.6131724617,4.53930267559
735.017857143,1.86936048375,4.48022408027
826.285714286,1.99064231728,4.69416889632
804.722222222,1.80712015299,5.1431638796
830.777777778,1.6237536112,4.78104347826
760.955555556,1.42525522593,6.02183110368
806.777777778,1.63113740195,5.42840301003
836.0,1.4868537239,5.90181605351
862.1,1.40474041569,6.41892809365
875.492424242,1.34781218713,6.95795986622
907.818181818,1.34746186194,7.18323244147
867.121212121,1.23230591369,7.20914214047
870.358974359,1.19538689977,7.80469565217
880.461538462,1.15833927403,8.18377591973
912.33974359,1.2312123244,8.47009866221
931.25,1.26513341249,8.8682909699
932.0,1.16485586502,8.43456856187
900.752380952,1.04404550038,9.45035451505
823.133333333,0.963812053056,10.377861204
814.223809524,0.970486032037,10.5509749164
811.095238095,1.04613800921,5.28712374582
762.683333333,1.03245166874,0.0260066889632
263.0,13.4311210034,0.403806020067
318.75,3.79477373022,2.13778595318
315.5,3.92807631673,0.750807692308
453.75,4.36748613491,0.790434782609
461.833333333,4.3350329293,1.06894147157
489.166666667,4.04484961759,0.990170568562
481.083333333,3.88140503754,1.2567090301
495.666666667,4.13698981006,1.04865217391
450.583333333,4.34216407064,1.23545652174
520.833333333,4.2623138873,1.05569732441
501.5,4.06578041151,1.36472909699
498.0,4.05186322491,1.08575250836
478.25,3.79801166597,1.08721070234
467.0,3.87022700666,1.21671070234
517.583333333,4.21351561556,1.11798662207
476.75,3.99625618418,1.07389297659
509.75,3.79151307407,1.26274916388
447.547619048,0.800705786142,1.76027424749
485.0,2.86307252375,0.0160133779264
384.0,3.54225344558,3.18124916388
273.428571429,2.1839337761,2.04422408027
490.7,2.98166802427,2.35308026756
371.95,2.84168800313,2.09235953177
432.3,2.40913501966,2.5296270903
426.0,2.43294082803,2.72259698997
437.666666667,2.52080680571,2.64450167224
422.833333333,3.12146744696,2.75133779264
399.982142857,2.20840343925,3.23890802676
445.166666667,2.06572856532,2.61434448161
485.666666667,2.44652121006,2.5917909699
499.166666667,2.21037990571,2.86402675585
491.714285714,2.46245532046,3.06576588629
443.738095238,2.3499720193,2.94980267559
449.0,2.25808187465,3.02790301003
491.7,2.80322614263,2.73607525084
-106.0,7.34006090529,2.36949665552
478.976190476,2.27291032391,2.70312040134
522.966666667,2.55862547346,2.41117056856
489.0,2.51520949548,2.60677257525
476.333333333,2.59214431671,2.54269063545
477.666666667,2.68342005045,3.38675250836
516.625,1.06057453428,3.07829598662
388.3,2.7539041368,2.29570401338
496.3,2.75069120118,2.35490468227
477.366666667,2.74798233225,2.78193645485
485.666666667,2.76276743913,2.46124916388
501.45,2.57892939239,2.90408026756
636.564102564,0.840833975228,1.97193979933
381.119047619,1.97747098404,1.36838963211
623.666666667,2.45386994012,2.265
744.9,2.50905853266,2.67773745819
779.114285714,2.13850140438,3.04204682274
716.9,2.47582390539,3.00569230769
774.285714286,2.1566348943,3.72777591973
840.857142857,2.06877443283,3.81080267559
824.428571429,2.26322321134,3.88700501672
868.333333333,2.42260925192,3.29194481605
906.285714286,2.1772145416,3.82765551839
865.547619048,2.20118527001,3.7927458194
857.333333333,2.35864133237,3.32965886288
869.142857143,2.18973797344,3.85627090301
871.571428571,2.10404858209,3.92466220736
852.0,2.050865863,3.71676923077
607.5,4.47016994304,4.86347157191
210.5,5.62465011742,1.41279431438
277.583333333,4.80962391425,2.61488294314
346.0,2.15743345321,1.61703846154
332.277777778,1.80455007493,1.66300167224
306.857142857,2.04209349052,1.77655183946
338.333333333,2.09170837451,2.63914715719
450.0,14.7073690656,3.17320401338
325.222222222,1.45332179316,3.14804347826
432.122222222,1.45196091661,3.44193143813
493.5,1.45548819205,4.20244816054
586.590909091,1.45689921278,4.85759197324
669.3,1.46638849206,5.39315050167
524.0,1.46576698029,5.58151505017
564.266666667,1.50336647758,5.65053511706
651.1,1.46754266091,5.77025752508
735.7,1.47881229131,5.70871906355
536.1,1.4736550758,5.59300668896
582.409090909,1.45758195432,5.75181103679
701.1,1.46986711756,5.87114046823
772.372727273,1.46489947075,5.89768729097
766.7,1.49234601274,6.01055351171
610.080808081,1.4284995979,6.08772073579
798.0,6.55839836859,2.30876923077
260.066666667,2.47154494656,1.58669230769
339.5,2.47222734683,1.72886789298
334.857142857,2.06120136658,2.62116722408
257.5,1.94746715265,3.0518729097
425.619047619,2.36718564382,2.87211371237
411.261904762,2.46262061337,2.78250501672
485.0,2.47639751525,2.87961538462
461.214285714,2.42301700859,2.88423411371
483.5,2.46894380783,2.91224749164
383.666666667,2.10483642766,3.24371237458
394.119047619,2.15213210541,2.85818729097
409.714285714,2.10049096761,3.12081772575
521.666666667,2.49986250431,2.81016722408
432.571428571,2.08066097563,3.22149832776
450.142857143,2.11341390897,3.21772575251
485.675,2.0474277116,3.81751337793
206.5,3.33732792289,0.453953177258
582.0,7.12501163627,1.64260869565
414.35,3.24491621552,1.13686956522
455.25,3.44445252639,1.93190133779
480.4,3.06603110896,2.42290301003
531.7,2.90199258701,2.71424749164
627.6,2.88735642293,2.92615384615
565.4,3.30080510453,3.01433946488
558.6,3.04122791206,2.9899916388
549.133333333,2.85876075555,3.21951003344
671.5,2.69530659602,3.22575250836
621.0,3.01739697565,3.27880434783
648.566666667,2.66900976035,3.75239966555
604.033333333,2.72378055826,3.25243979933
606.833333333,2.53527133362,3.65404347826
629.5,2.46597589948,3.75112374582
665.833333333,2.69232201736,3.50853177258
623.0,3.93211839097,2.3941722408
552.833333333,2.16490570642,0.0220133779264
897.666666667,2.89904740643,0.91089632107
686.071428571,0.642288349433,3.58303177258
417.625,1.83320539507,2.24654682274
471.80952381,1.97676439852,1.15828428094
697.0,6.37042145563,1.27436789298
453.666666667,5.22877287583,1.03555016722
420.0,3.91637329234,1.22867558528
542.75,3.75550496606,1.37048829431
489.6,2.84510416821,1.50982107023
961.5,3.6213301713,1.65247491639
478.6,3.17773085197,1.47801505017
615.9,3.0340333336,1.6465
561.266666667,2.85339917388,1.97537959866
425.25,6.08104670885,1.82341638796
635.666666667,2.54945530734,1.9237090301
616.2,2.87196579398,2.00705351171
811.6,3.19759509084,2.27083444816
753.083333333,4.67973887726,2.64308862876
734.333333333,3.15068284212,2.56177090301
829.166666667,2.55653546772,2.60015719064
862.333333333,2.49257402061,2.78400501672
867.714285714,2.21321576562,3.52590301003
865.071428571,2.31463860443,2.94979264214
904.452380952,2.31242678171,3.7370367893
928.321428571,1.99846579564,3.76380936455
436.333333333,6.62422998062,3.29890133779
1004.0,2.11973633669,4.04486956522
928.660714286,2.05684837598,4.18253177258
986.916666667,1.77925437027,4.27496153846
1005.97222222,1.81037278606,4.76466053512
1092.125,2.07500110736,4.46887625418
1127.9,1.49745436098,5.34613545151
1088.17272727,1.36393850619,6.14900334448
1181.6,1.43303792086,6.08037959866
1138.01818182,1.44113653009,6.49139799331
1174.74545455,1.44708438737,6.43751839465
1186.8,1.4659431148,6.94987625418
1195.67272727,1.44001087303,7.58035451505
1018.21527778,0.847209766261,8.58860367893
1043.32817337,0.784686705743,9.81370735786
954.83974359,0.990064715225,2.86388461538
349.0,7.060028927,1.1268361204
148.333333333,2.58739723663,1.60826755853
145.2,2.59032069861,1.62909531773
222.566666667,2.58794198962,1.81066053512
287.0,2.21544701971,2.12731772575
259.833333333,2.41590651673,2.07114381271
295.595238095,2.41797671279,2.0752173913
305.071428571,2.33854468476,2.24077424749
420.285714286,2.2010062912,2.55764046823
478.357142857,2.21955266504,2.3527173913
446.285714286,2.21113291232,2.67154013378
401.314285714,2.18364953217,2.78294983278
384.428571429,1.98494267279,2.96523913043
359.8,4.14421460792,3.19288963211
436.333333333,2.44625009535,3.05794314381
412.119047619,2.44063900991,3.13597324415
451.75,1.68409350122,3.72923076923
479.411111111,1.63789187456,4.14644147157
489.111111111,1.65038927972,4.09655518395
479.888888889,1.63489689109,4.17642140468
560.544444444,1.63549468731,4.330909699
629.777777778,1.63653165817,4.69887792642
664.444444444,1.64124410846,4.83389799331
706.622222222,1.61089731137,5.02062207358
668.089285714,1.58833954412,4.90222408027
639.111111111,1.623729808,5.25775919732
661.333333333,1.62729055608,5.61463210702
666.7,1.58433552949,5.5410367893
586.445454545,1.51277070264,6.04514715719
637.011111111,1.57591450401,5.6085451505
626.8,1.57775260027,6.2088361204
626.581818182,1.51155245021,6.26788795987
567.791666667,1.16197310976,6.93462207358
390.625,2.29273043058,7.94327090301
405.247252747,1.12830572023,8.06594314381
470.107142857,2.25365285757,8.25710367893
456.824175824,1.12292063455,8.3529632107
514.119047619,1.11884166229,8.56213377926
460.0,1.99610474077,2.28571237458
470.642857143,2.03997037457,4.5137993311
508.571428571,2.15433041615,3.7609916388
481.547619048,2.39362066711,3.39520735786
470.5,2.51806335902,3.41830267559
482.5,2.4267719561,3.62938628763
320.428571429,1.9972639571,1.78389130435
375.675324675,1.42868916299,3.7756722408
306.081818182,1.40668650479,2.95043979933
343.772727273,1.41865648925,3.22989799331
311.181818182,1.39953454245,3.09882608696
732.212121212,1.37648172566,2.28728428094
509.5,4.8030580404,1.88050167224
658.666666667,2.43806184324,2.70156187291
676.766666667,2.74584574539,2.85457692308
768.666666667,2.58769367311,3.36758695652
854.666666667,2.63229985135,3.2186187291
844.333333333,2.47714955071,3.60200668896
857.0,2.40729727787,3.65198662207
789.0,2.27968192642,4.09178093645
878.333333333,2.42489935332,3.66044481605
810.0,2.3433156965,3.4871638796
826.285714286,2.13799878726,4.00637458194
857.0,2.53027017105,3.25209866221
813.857142857,2.21250365568,4.0487993311
789.761904762,2.35681363832,3.81427759197
797.75,2.74075388059,3.5151270903
496.222222222,1.55495081417,3.04012040134
512.909090909,1.37265924105,5.15704347826
474.727272727,1.39783523953,4.41776421405
504.963636364,1.38001571047,4.32015384615
496.818181818,1.37942457187,4.69182107023
325.0,11.1855708726,0.0653294314381
488.823529412,0.840222158839,2.68777926421
459.966666667,2.90489430293,1.4965083612
429.4,2.13865322709,1.63822073579
488.25,3.90718601557,1.79590635452
393.75,5.17935359815,1.59581772575
387.833333333,2.38563865542,1.47316555184
460.0,4.90964992714,1.61223411371
435.6,2.46156362636,1.22491973244
507.2,2.77753808644,1.57602842809
457.6,2.6132029335,1.47810535117
482.933333333,2.89812613169,1.60629431438
379.533333333,2.57854123128,1.69256020067
460.766666667,2.88494130396,1.60418729097
530.133333333,2.73727010182,1.7499632107
653.166666667,2.93270978378,1.68197491639
588.466666667,2.51748740685,1.95692474916
609.133333333,2.81084534849,1.74560033445
499.333333333,2.44487015448,2.10278093645
546.80952381,2.39286704684,2.19114381271
557.5,2.31968152286,2.34286956522
620.166666667,2.68010651778,2.235090301
636.166666667,2.40521471935,2.51859531773
677.333333333,2.50543593834,2.45486287625
724.2,2.69852356682,2.14008695652
604.928571429,2.17805084724,2.95137959866
709.033333333,2.65664290358,2.69156187291
809.8,2.95356730271,2.5964632107
804.595238095,2.35256844528,2.8880367893
797.0,2.70062981723,2.73549498328
807.333333333,2.84927204153,2.85526254181
824.333333333,2.59367985511,3.28460367893
797.142857143,2.14614724321,3.48143478261
851.928571429,2.2877406379,3.69510367893
840.142857143,2.29709071907,3.89233110368
829.178571429,2.05078930223,4.08256856187
832.946428571,2.01069176356,4.55290133779
833.428571429,1.93221892575,4.28504180602
839.75,1.90486781889,4.94546488294
809.75,2.01434712436,4.2704548495
880.875,1.89771988528,4.93930434783
872.486111111,1.7314048012,5.28509698997
875.75,1.84314283579,5.36873578595
854.946428571,1.93738672053,5.49886956522
871.088888889,1.54916170256,6.04591304348
875.888888889,1.66275393929,5.91919063545
868.472727273,1.41718524301,7.09782441472
852.190909091,1.41013792305,7.29258862876
788.412087912,1.12926605089,8.05411538462
826.090909091,1.3154167836,8.23057190635
351.5,0.336736326182,2.81381270903
187.875,1.94698242185,2.52858862876
406.680555556,1.59840242729,3.49059197324
448.9,1.58346712644,4.01412207358
487.355555556,1.58992778639,4.15729598662
586.122222222,1.59533256408,4.69394147157
604.111111111,1.59762286346,4.53005016722
573.777777778,1.59652175338,4.50583779264
660.066666667,1.58322874232,5.18086287625
528.944444444,1.58176384128,4.74731103679
543.922222222,1.59713786557,4.83893478261
638.366666667,1.60095383683,5.22699331104
636.577777778,1.60157418694,4.97565551839
586.111111111,1.59965557372,4.89359197324
632.266666667,1.59266628572,5.01133444816
661.6,1.59515826706,5.20683946488
503.5,1.45825580431,2.72237458194
691.0,12.396977294,2.47815551839
323.75,3.52663908398,1.32501337793
358.8,3.13624006972,1.68227424749
383.4,2.9921364381,1.66258361204
396.0,2.99102230803,1.70605685619
294.833333333,4.29165178946,0.6812909699
261.4,3.29203756618,1.01448494983
360.2,2.94910531348,1.51807525084
335.166666667,2.74351286857,1.70191304348
337.8,2.72607499611,1.66589297659
354.6,2.9455694236,1.63195986622
362.2,2.94143796672,1.51418729097
388.3,2.78997099727,1.65114882943
359.466666667,2.63034415734,1.93159866221
364.8,2.97679032172,1.66785953177
395.85,3.32804405518,1.5932458194
409.6,2.95506986208,1.57044648829
386.833333333,2.68216464777,1.83995986622
366.866666667,2.6675180221,1.77768561873
355.0,3.03695273195,1.74419565217
369.2,2.93118897587,1.77825919732
606.392857143,0.336584710182,2.53361538462
202.375,1.90048775227,3.04798996656
461.377777778,1.54737396275,4.0580083612
588.111111111,1.56064522115,4.32728929766
567.866666667,1.54359396542,4.98657190635
607.888888889,1.55461958564,5.09727090301
680.8,1.53755302594,5.60104180602
668.8,1.5386375604,5.58697491639
703.3,1.54344652061,5.59781103679
768.922222222,1.54916091851,6.03440802676
768.8,1.54054909465,5.66533946488
757.722222222,1.53599839955,6.01243143813
777.9,1.54215475185,6.18484113712
825.655555556,1.54482048128,5.55024247492
831.1,1.54492647727,6.16219732441
938.544444444,1.53990347903,5.96594481605
766.566666667,2.63339579815,3.18508361204
499.0,7.87606204401,0.489648829431
405.3,2.43839264354,2.19456688963
338.95,3.2779232431,1.22131939799
412.0,3.08259700181,1.59139632107
441.2,3.02190092667,1.73558026756
465.9,3.2131150259,1.51455016722
473.6,3.16772583814,1.82648160535
414.8,2.92078172068,1.70387959866
429.9,2.69139754375,1.70456020067
430.65,3.17178706536,1.60558026756
388.85,2.91484552064,1.75165886288
401.566666667,2.78319428116,1.63428929766
415.7,2.88311808422,1.63603511706
436.733333333,2.58240873779,1.78634280936
425.066666667,2.70603519302,1.70681939799
454.266666667,2.94907214778,1.55316220736
456.0,2.97404983625,1.65326254181
314.5,6.23426026628,2.2691638796
227.0,5.76352658947,0.120913043478
218.9,2.82140473643,2.65310033445
238.0,2.77381590076,1.33845986622
195.5,2.56976667734,1.43425585284
256.0,2.62056348865,1.56417391304
226.7,2.72776395628,1.55357023411
262.533333333,2.87332219667,1.32857859532
284.4,3.28698784,1.61132608696
295.166666667,2.48373015635,1.56606020067
317.833333333,2.42954186117,1.93453846154
311.5,2.47100001201,1.81269230769
340.095238095,2.48294075129,2.07861538462
357.6,2.84854521294,2.09417056856
406.738095238,2.36201196702,2.34088294314
398.733333333,2.80548744958,2.340909699
411.5,2.57212979626,2.11614381271
402.19047619,2.46636623767,2.53066220736
449.0,2.44964399243,2.6102006689
456.266666667,2.76094944602,2.62021404682
469.266666667,2.57022176506,2.56580936455
437.952380952,2.31447734466,2.95391973244
474.476190476,2.37672477096,3.42159531773
477.952380952,2.29676493378,3.15572408027
491.714285714,2.20101641805,3.73181270903
519.428571429,2.15931394881,3.84113377926
530.571428571,2.12769111827,3.66014381271
568.0,2.12402907481,3.77366220736
522.714285714,2.04334772978,4.13083444816
565.083333333,1.83035778383,4.50395652174
581.833333333,1.74118611437,4.80156521739
592.138888889,1.71355071828,5.44307023411
614.763888889,1.75100091637,5.01414214047
606.933333333,1.61415804323,5.78273745819
640.6,1.46600655825,5.88105685619
627.5,1.45387359711,6.74695819398
616.836363636,1.38965141835,7.15557190635
633.0,1.33357256037,6.80684280936
631.954545455,1.32585561767,7.82934615385
642.151515152,1.3170532237,8.0685735786
633.946969697,1.30485055375,7.98668729097
561.0,1.27293006717,8.09097658863
363.431818182,0.784915586483,1.76591137124
222.916666667,3.51034961474,1.10822073579
339.833333333,3.57795598302,1.39441137124
422.833333333,3.97009030544,1.30921237458
363.75,3.58902033214,1.32266889632
330.25,3.56394238751,1.27260200669
368.3,3.493636665,1.44759698997
382.85,3.51571793531,1.63495317726
371.5,4.04678485932,1.10780602007
340.75,3.4951395842,1.48773076923
409.75,4.00268019088,1.47433277592
383.416666667,3.81824136238,1.75492307692
373.8,3.39160875105,1.55813377926
386.3,3.5339427329,1.66193979933
430.25,3.93139868485,1.85763210702
473.1,3.3793642606,1.98150501672
471.5,3.44738761928,1.97513210702
458.2,3.6871573773,2.19997658863
391.25,3.75257712492,2.15482943144
460.25,3.23575376943,2.16311538462
469.25,3.36583916031,2.51265217391
478.333333333,2.92736908898,2.5234548495
478.6,3.00068666781,2.82240468227
529.4,2.7901591336,2.94406020067
510.0,2.84760333133,2.97570234114
504.633333333,2.64618270057,2.82226421405
501.966666667,2.7129506219,3.25132608696
472.0,2.62205453277,3.04063210702
533.571428571,2.40739454574,3.319409699
550.333333333,2.35455962653,3.79963879599
569.233333333,2.75125801157,3.75813712375
575.833333333,2.51999337351,3.54830769231
610.642857143,2.26782597152,3.89083444816
629.0,2.10251299927,4.76103177258
673.892857143,2.10764752963,4.94994816054
639.892857143,2.11558374885,4.74019397993
743.035714286,1.99377857608,5.01197491639
748.982142857,1.98985962043,5.41554013378
791.982142857,1.83233121068,5.3195451505
807.611111111,1.77626847069,6.06478093645
856.444444444,1.55447922934,6.49243143813
953.3,1.4781696558,7.45834113712
875.113636364,1.2228816241,7.89201337793
954.422222222,1.57248979585,3.56827759197
474.0,10.731592848,2.15896822742
368.6,3.07848437675,1.70992140468
418.6,3.12057511309,1.84272073579
429.8,3.06784688273,1.71937123746
417.8,3.094364541,1.64554013378
541.666666667,2.3123511099,2.43805685619
625.75,3.9061853556,1.46841137124
721.416666667,2.60852845981,3.15891638796
455.866666667,2.76994844088,1.58376923077
463.25,3.16955384723,1.6638812709
377.666666667,2.72511746971,1.67180936455
563.857142857,1.5412285789,1.82977926421
-73.0,9.90015618654,1.66414381271
422.0,2.74247805541,1.31335117057
464.0,3.33971765032,1.06456688963
455.0,3.82661776418,1.0443361204
473.8,2.70343566236,1.31068729097
541.75,4.55469402668,1.1846638796
450.266666667,2.84586656474,1.29662207358
507.2,2.85178673712,1.4883812709
498.3,3.54451166343,1.15197993311
373.8,2.9449551903,1.09480936455
325.2,3.16064189625,1.33564214047
230.666666667,4.85293462406,1.43448160535
190.428571429,2.05836051104,1.34046822742
386.523809524,0.367974278771,1.98947157191
465.3,4.02919030778,0.426966555184
321.75,3.03185206289,2.32939130435
441.4,2.61487387002,1.82181939799
588.285714286,2.17781812956,2.67962876254
571.714285714,2.04029275338,3.61917892977
629.142857143,2.10021495535,3.56325752508
644.571428571,2.12976029328,3.80981438127
659.857142857,2.16330657326,3.49336454849
697.5,2.21065569,3.77783779264
709.571428571,2.0886007846,3.95682943144
697.571428571,2.10919926901,4.1076722408
729.428571429,2.09934109824,4.17147993311
753.589285714,2.09065024965,4.3012006689
694.267857143,2.10159335506,4.25109866221
703.714285714,2.12349146158,4.12876755853
692.142857143,2.09042242179,4.24558695652
681.857142857,2.10064579736,4.24677591973
578.857142857,1.70627011492,3.18609698997
465.0,3.84065462988,0.405591973244
639.333333333,5.97816884745,2.53393645485
356.8,2.74148041198,1.50413879599
479.547619048,2.37364751078,2.1729632107
510.666666667,2.49273316727,2.51658862876
505.333333333,2.48788908602,2.73624080268
524.619047619,2.45217365937,2.65816053512
521.166666667,2.45226528652,2.66231438127
507.666666667,2.44304045329,2.66827424749
498.119047619,2.28045633171,2.91219899666
486.80952381,2.37052991054,2.73612541806
512.833333333,2.54763790169,2.59889464883
504.738095238,2.39135455636,2.79007525084
514.80952381,2.3547668965,2.63618729097
513.666666667,2.5173733165,2.71633444816
524.666666667,2.43823442881,2.71428762542
515.547619048,2.31620424181,3.01361036789
358.0,9.20134093235,2.3996722408
543.0,12.6587112326,2.82131438127
377.357142857,2.20327835737,1.97077424749
378.5,2.17637613559,2.06774414716
412.285714286,2.12215359235,2.39581103679
434.142857143,2.01663144363,2.25324080268
416.642857143,2.33050723681,2.1626722408
234.5,7.16937878953,1.88056856187
469.666666667,2.576914968,1.98360869565
421.547619048,2.38789436794,2.06971571906
466.0,1.99440816617,2.27941973244
419.142857143,2.24458830535,2.0115451505
387.547619048,2.12008053242,2.24570401338
432.071428571,2.08364163975,2.28507692308
501.714285714,1.95602752472,2.61634113712
575.333333333,4.52301636867,2.62832107023
539.142857143,2.0916733896,2.71976421405
509.0,2.05800423409,2.76269063545
491.0,1.89980508704,2.61068896321
504.25,1.71818840538,3.11953846154
518.622222222,1.62390436763,3.67103846154
511.555555556,1.65325030197,3.39647324415
598.055555556,1.60341933741,3.83074414716
581.4,1.48127820125,4.01751170569
650.1,1.45616985266,4.39942140468
640.7,1.48608930211,4.15183110368
663.345454545,1.40391193658,4.56730100334
686.636363636,1.30076398597,4.84376588629
660.166666667,1.23694991147,5.40610200669
725.1,1.26777348566,4.33316722408
652.615384615,1.13547914928,5.85225585284
730.384615385,1.06863291358,5.98413377926
716.625,0.938537339955,7.23770735786
372.375,2.49936854795,7.36555183946
658.0,2.94214955396,0.143939799331
538.416666667,0.855529461393,2.29545150502
440.533333333,3.35283102683,1.25273578595
400.5,3.22548482197,1.34130936455
423.0,3.88127562572,1.21001337793
381.8,2.92432424575,1.22682943144
458.1,2.96949988377,1.53041304348
466.15,2.85429468783,1.42153846154
484.25,2.85101437975,1.51034615385
436.0,2.84117442415,1.59728428094
463.2,3.07146518241,1.4297909699
479.7,3.23539716865,1.31975919732
500.8,2.97499572858,1.60824080268
593.8,3.06294990747,1.77006020067
636.8,3.06180837575,1.75797993311
638.0,3.08981897274,1.4987173913
520.233333333,2.88459097189,1.75093979933
597.8,2.93278421021,1.90098160535
649.0,3.0084958726,1.7511722408
574.3,2.83514111747,1.91156688963
561.866666667,2.7362212148,2.1922173913
619.5,2.58911278703,2.22035618729
655.733333333,2.72254896383,2.08653010033
684.733333333,2.74013788829,2.23295819398
668.833333333,2.38218986523,2.53030267559
711.833333333,2.29255865828,2.85341304348
644.071428571,2.38144477808,2.68948996656
749.0,2.61395881462,2.56269230769
776.0,2.23475550752,2.91863712375
797.214285714,2.24564376255,3.18297324415
767.857142857,2.26486431264,2.9667993311
818.571428571,2.21141101085,3.40346655518
829.25,2.06868936042,3.56438963211
851.714285714,2.17983232372,3.57898996656
826.523809524,2.35278701919,3.2912909699
809.857142857,2.1139039357,3.94057525084
824.392857143,2.00362190601,3.98596153846
840.0,1.98225824365,4.36877424749
834.25,1.95844563473,3.47778428094
823.666666667,1.7964799772,4.64983946488
796.888888889,1.68365710405,4.72314381271
813.319444444,1.65631639784,5.18160367893
835.125,1.81794531381,5.28784113712
792.25,1.8310185341,5.05893645485
824.0,1.5022880597,6.11647658863
825.377777778,1.5658711646,6.54327424749
800.866666667,1.54998003386,6.74015719064
783.6,1.51725911328,6.53523745819
779.727272727,1.38003813516,6.80753511706
738.384615385,1.16533056328,7.76390635452
660.738095238,0.981315020977,8.72818561873
743.4,1.20424379973,10.3122212084
188.666666667,3.29144732005,0.353739130435
345.1,3.23497646808,2.02348494983
356.333333333,2.91930711346,1.50415384615
405.5,2.97421777068,1.67799832776
398.4,2.93161617785,1.92319899666
436.233333333,2.63173026097,2.06944481605
384.023809524,2.37314245693,2.08922408027
479.633333333,2.71048766773,2.03335785953
501.666666667,2.25110649689,2.95592976589
444.023809524,2.46366439056,2.48172240803
475.785714286,2.0651780169,2.73949832776
454.69047619,2.38503810937,2.57803010033
453.0,2.1426061534,2.71101170569
424.035714286,2.04790626404,2.80914381271
463.357142857,2.19435453988,2.72630769231
500.142857143,2.10518203407,2.87231270903
796.0,6.93343169745,0.648063545151
367.5,2.91392922878,2.6775451505
355.6,2.88908851236,1.51212374582
436.0,2.59854865476,2.14522742475
494.833333333,2.48806371226,2.61423411371
519.266666667,2.6788712215,2.37639966555
533.6,2.52467362971,2.49227257525
519.166666667,2.53370942537,2.64234782609
520.666666667,2.4464495482,2.66430100334
537.5,2.58519187891,2.71642140468
555.666666667,2.49953409702,2.62409197324
497.619047619,2.33358729042,2.64486789298
530.119047619,2.29975705447,2.50444816054
529.666666667,2.3331982851,2.89444648829
539.5,2.53507525978,2.52354180602
496.466666667,2.80548454806,2.44115886288
523.333333333,2.55859954117,2.74057692308
513.666666667,2.91775549207,0.936782608696
411.5,6.75661173823,3.74540133779
429.5,3.03311356861,2.47116053512
546.25,5.97179691924,2.64272073579
525.902777778,1.70562391104,3.90307692308
513.444444444,1.4750270581,4.27844648829
613.375,1.55856601578,4.3917458194
661.911111111,1.5565714858,4.89464046823
589.427272727,1.42309673913,5.5782826087
600.313131313,1.44347561102,5.17109698997
636.181818182,1.4219295203,5.42057190635
677.936363636,1.42463149107,5.44631772575
650.7,1.37629569905,5.97663043478
650.445454545,1.36479323113,5.50719899666
684.666666667,1.53201061374,5.41352341137
646.090909091,1.41008480957,5.43684280936
674.045454545,1.43284545968,6.1630083612
694.039473684,0.811897024219,3.67443478261
316.333333333,0.656657893573,1.54560367893
356.75,3.51612684669,0.807431438127
513.25,3.84991092996,1.44361705686
526.5,4.41482829019,1.53085117057
593.083333333,4.50765512002,1.88619565217
511.333333333,3.62127077347,1.79360367893
600.75,3.45778678433,2.20979431438
596.8,3.54956986823,2.04325585284
598.0,3.33615531312,1.98267391304
636.5,3.54834831017,2.28205685619
591.3,3.38067425648,2.23526755853
639.9,3.54240678866,2.139090301
615.75,3.45974557278,2.08746822742
507.35,3.45361657408,2.13935618729
584.15,3.38407024024,2.04752173913
632.5,3.48706899929,1.8716187291
477.6,2.90506787188,1.95943143813
836.0,9.22471034291,0.155919732441
334.5,2.47605862709,2.09745150502
71.0,8.66598899151,1.39572909699
374.466666667,2.51305051896,1.70885117057
312.366666667,2.08905320377,1.28849832776
369.083333333,3.69795402279,1.20278428094
383.7,3.39455123893,1.26664214047
421.0,3.09313610178,1.55028762542
384.0,3.95872603677,1.24870234114
238.5,11.4623086349,1.35648160535
421.333333333,6.66362425903,1.17621404682
319.6,2.91527181568,1.40639297659
370.5,3.26435518634,1.10297658863
411.25,2.9009712868,1.58418060201
365.0,3.06432803296,1.4015367893
706.545454545,1.16322745962,2.21635785953
234.766666667,2.41387900663,1.3443361204
452.0,3.04102309404,1.52103846154
574.25,3.5502391877,1.91119732441
646.75,3.73378429509,1.99238963211
647.8,2.89346413121,2.47307692308
503.666666667,2.68447685255,2.36414548495
736.5,7.3106346421,2.12393812709
603.0,3.71261905165,1.68476421405
769.35,3.59164712062,2.20360535117
740.0,3.22472023057,2.3882173913
627.2,2.85013236312,2.15184113712
596.366666667,2.62850146073,2.49868896321
550.1,2.53107597881,2.61201337793
534.666666667,2.65261382821,2.44171906355
565.166666667,2.83465783133,2.37110869565
397.5,8.70113430118,2.80655518395
370.5,6.34783814637,1.09808528428
336.5,2.43729255163,1.35252842809
410.142857143,1.82608778087,1.79546989967
277.19047619,2.47717167742,1.42729765886
234.428571429,2.28776768901,1.84556187291
246.45,4.10293737069,1.25934615385
328.25,2.33769245254,1.60770234114
333.4,2.79046042016,2.05655183946
349.023809524,2.11561848465,1.98760200669
488.0,4.13385898531,2.07762207358
409.666666667,4.15435572672,2.06460367893
296.5,2.05909700663,2.2097541806
432.763888889,1.52156709389,2.98141137124
339.0,8.37425363416,2.53051505017
405.2,2.9171686138,2.48448160535
489.85,1.46268296662,3.07198160535
476.888888889,1.44404017118,3.32076588629
444.275,1.47816777871,3.24305351171
486.5,1.45993469006,3.26811204013
453.577777778,1.47269795534,3.35753177258
552.5,2.91115413557,4.38770234114
480.466666667,1.45396636523,3.85320568562
374.141414141,1.45556778659,3.72127424749
465.888888889,1.47205165273,4.29851505017
406.272727273,1.469432164,4.1594180602
458.344444444,1.46522164921,3.94549498328
547.9,1.49871981933,4.03809698997
497.0,1.48005357309,4.3472458194
560.0,1.49173752664,4.63621404682
550.553030303,1.2572386073,4.54982107023
612.166666667,1.39421564894,5.17308695652
461.227272727,1.46980605397,5.02276923077
491.790909091,1.4675297464,5.29279598662
556.745454545,1.46580411063,5.35107692308
599.4,1.4849930924,5.3409632107
581.507575758,1.28914278231,5.59851170569
597.034965035,1.15242068185,6.40663043478
594.5,1.45952210999,5.56661538462
643.154545455,1.45545286368,5.93795317726
691.9,1.42895635208,6.21414715719
700.245454545,1.44564810281,6.5905735786
756.656565657,1.4526585614,6.33983277592
651.777777778,1.27205761331,7.23652173913
735.636363636,1.34613642698,6.73227591973
751.692307692,1.1793486222,7.61397157191
820.928571429,1.05899666054,8.03885618729
655.75,2.13725160974,8.2079264214
616.027472527,1.09812492735,8.18445150502
754.214285714,1.08786060577,8.08639799331
688.611111111,2.15876816753,9.05811705686
814.6,1.9140107186,8.21953177258
400.0,5.04017143968,2.69387959866
191.5,9.06691904082,1.35289632107
277.966666667,2.76300489244,1.56037792642
281.166666667,2.54461562124,1.52109364548
514.5,7.04533241322,1.72889632107
427.65,2.27333768163,1.91752341137
386.0,2.30510114643,1.83558361204
348.142857143,2.27875283596,2.06453846154
258.583333333,2.60067322856,1.83253344482
364.857142857,2.09100226294,2.01343143813
383.928571429,2.15267878366,2.1304632107
319.083333333,2.61907765875,1.67772742475
506.035714286,1.45209114582,2.87867391304
284.142857143,2.13390760015,2.74974414716
364.571428571,2.13655623891,2.59098829431
447.888888889,1.72884436656,3.23529431438
431.275,1.4704781172,2.83655183946
373.0,6.43978399955,3.81545652174
396.266666667,1.44635967073,3.61750167224
457.7,1.4777372699,3.43462541806
445.1,1.45740452178,3.81471906355
460.222222222,1.53661452763,3.83329431438
792.5,2.95330690898,3.76306354515
310.3,1.4507746922,4.07865551839
393.7,1.45418956462,4.01088963211
349.6,1.46625186504,4.24443812709
432.6,1.47855863387,4.42950167224
530.333333333,1.50816719038,4.23310869565
692.8,1.45728916747,4.37090802676
621.509090909,1.48252210568,4.83667725753
599.5,1.50086373333,5.23314381271
778.688888889,1.48951142718,5.20178929766
681.325,1.47832551116,5.14803846154
720.190909091,1.46312553219,5.45581605351
752.8,1.46787222594,5.55046153846
804.6,1.48036505983,5.51656856187
438.75,3.787518598,5.89624414716
553.0,1.47127584476,6.03305016722
664.363636364,1.45478678813,6.22271571906
741.545454545,1.38095185722,6.60874247492
598.8,1.35326651131,6.73906187291
559.909090909,1.39061405503,7.05901003344
723.416666667,1.22805687195,7.29822073579
772.0,1.0805726658,7.79113545151
709.833333333,2.16046490655,8.29466053512
618.406593407,1.09416861697,8.18978595318
719.3125,0.956599638989,8.37167892977
893.5625,0.711758461364,9.45825585284
299.5,5.49981627949,2.98033444816
309.833333333,0.694811218795,2.00220735786
369.050505051,1.44805742014,2.46908862876
393.925,1.45526174686,2.49833110368
465.434173669,0.282006850505,2.99777257525
485.333333333,1.46875761991,3.43499832776
508.511111111,1.47102365819,3.44047826087
524.511111111,1.46351385305,3.46414046823
558.944444444,1.55290837772,3.3935735786
486.652777778,1.79310409099,3.45498996656
564.777777778,1.51151166056,3.59308026756
551.344444444,1.47046681051,3.58604682274
542.111111111,1.54029102927,3.41626755853
614.722222222,1.57687220887,3.75312374582
576.188888889,1.55541736053,3.40418060201
571.777777778,1.52304042444,3.81116053512
534.344444444,1.52952522792,3.63522742475
567.444444444,1.51710726648,4.77657525084
258.25,3.97603618519,3.57552508361
325.466666667,2.86250306939,1.54431270903
268.25,4.67109222438,1.64318227425
258.7,2.99932707557,1.72014548495
245.85,3.01221215144,1.51403010033
209.0,3.1472297563,1.51984280936
281.166666667,3.74339426591,1.50527090301
308.8,3.13351013537,1.64179765886
444.5,6.61882600535,1.7772458194
282.3,3.1076647689,1.47609364548
246.2,3.25394053537,1.57747324415
293.2,3.16480842309,1.72883277592
292.95,3.0530403593,1.50005518395
311.4,3.0697894431,1.81273244147
346.8,3.03904142198,1.79961371237
422.733333333,3.09664725841,1.66101672241
645.19047619,1.39074825175,3.54190468227
480.5,9.78128894322,1.71754347826
21.0,10.9959559758,1.82287123746
593.5,2.2387645565,2.09917725753
726.892857143,1.96642443137,3.33359866221
723.0,1.9091831815,3.22463377926
781.964285714,1.97721005177,3.30848494983
781.333333333,1.6424079132,4.03460869565
838.6,1.55527283246,4.46152341137
797.888888889,1.66051455754,4.04186956522
868.888888889,1.70729874912,4.03741137124
857.122222222,1.54075435701,4.64408026756
845.454545455,1.42694306305,5.12339799331
851.0,1.39917095108,4.97820234114
841.272727273,1.34202324556,5.00756020067
833.090909091,1.37408731252,5.10422240803
799.363636364,1.36192220781,5.51563377926
403.166666667,5.93055650872,0.432747491639
643.0,13.1848391432,1.74969732441
605.0,6.69724291469,1.33183110368
505.966666667,2.9976486563,1.51994481605
575.666666667,2.58588682902,2.13919063545
403.0,7.09297959671,1.72157859532
544.666666667,2.28253924132,2.48148494983
642.966666667,2.47499238652,2.33887625418
632.666666667,2.43349665658,2.47234949833
644.833333333,2.33451323474,2.66969063545
708.571428571,2.05509109988,2.68983444816
612.5,6.87433382175,2.47961538462
620.80952381,2.25604912104,2.39658862876
698.428571429,2.07327614487,2.97583946488
591.642857143,2.14922589483,2.72693311037
634.357142857,2.01706491485,2.76616053512
624.642857143,2.02916210304,3.06384949833
524.46031746,0.961281357394,2.64797324415
322.333333333,2.73356473332,1.45068896321
358.666666667,2.69112079116,1.64039464883
382.85,3.07763784164,1.58687458194
403.0,2.99021012521,1.58480936455
404.5,2.59822066674,1.77844983278
406.7,2.68286531622,1.67998327759
376.6,2.89511462849,1.69509364548
425.4,2.89346857423,1.65403177258
418.2,2.95320531236,1.86747826087
459.533333333,2.75417988646,2.05219732441
457.333333333,2.71003210446,2.00680769231
474.1,2.67415110245,2.16116220736
538.1,2.72524188144,2.34540133779
525.0,2.68243192578,2.48218394649
509.3,2.67969093951,2.39722073579
521.4,2.65913948213,2.65239464883
525.666666667,2.67636473839,2.49280602007
549.833333333,2.66550992487,2.96608528428
606.9,2.67210625279,2.66313712375
604.0,2.63412357098,3.10220735786
638.866666667,2.70493887929,2.90783444816
576.333333333,2.66436299307,3.18942307692
570.066666667,2.65713311419,3.13752006689
589.5,2.61930698505,3.10608862876
624.866666667,2.63028501364,3.53817558528
604.5,2.62375715237,3.36970234114
624.166666667,2.60415787306,3.50032943144
621.833333333,2.35042979788,3.87693478261
644.0,2.16785231219,4.43580936455
640.714285714,2.09711918686,4.51027926421
649.285714286,2.15461048534,4.58568227425
648.916666667,1.82505362459,4.65481270903
665.111111111,1.73767440079,5.9187458194
681.791666667,1.68341435775,5.95228093645
648.888888889,1.60434768517,6.19764882943
646.681818182,1.47172485558,6.52338795987
634.1,1.45024753047,7.54121070234
567.0,1.25085778692,7.8227006689
593.153846154,1.16507155728,8.39084615385
535.571428571,1.0503832244,9.23361036789
374.257352941,0.924683765279,10.2992993311
488.714285714,0.931281555365,10.3617826087
534.15,3.23220133557,2.5873277592
477.433333333,2.83546376127,3.1872458194
627.0,2.81002515017,3.36005351171
632.2,2.71470802816,3.31885785953
672.166666667,2.54297772223,3.74893645485
653.033333333,2.63334393174,3.19715384615
657.0,2.63515933243,3.88582274247
620.333333333,2.4875365137,3.78813210702
646.266666667,2.62137160849,3.56951337793
707.166666667,2.47301975327,3.99695986622
701.633333333,2.4907003831,4.07867558528
658.583333333,2.71784135201,3.77505351171
713.733333333,2.82620165899,3.70413712375
608.033333333,2.79037586313,3.4196187291
659.333333333,2.53106954695,4.08465551839
669.333333333,2.60514676605,3.71257692308
637.266666667,2.59171155578,3.89391973244
537.0,2.54122958529,2.27736287625
566.125,1.51254117951,0.0122073578595
380.318181818,1.5094026476,0.0800267558528
488.888888889,1.56252368564,3.85900334448
561.666666667,1.56304507757,4.80989464883
627.2,1.54442954649,5.44587458194
617.275,1.53889025191,5.65534448161
578.033333333,1.54560437779,5.58397826087
630.244444444,1.53500874781,6.80548662207
645.144444444,1.55264607868,5.86109364548
674.9,1.54732425647,6.16507023411
742.133333333,1.54746491951,5.7640735786
707.557142857,1.53173277229,6.70810367893
671.711111111,1.55427112677,6.000909699
696.666666667,1.54644433295,5.89412541806
731.944444444,1.54494644596,6.42882274247
710.486111111,1.55282736623,5.67905016722
641.433333333,1.2545999986,1.81837625418
491.5,9.02044114194,1.41236789298
545.166666667,3.2046428297,2.63464214047
612.95,3.4081773081,2.12526421405
526.0,3.24297423385,2.24703010033
551.5,3.63004643258,2.16714381271
581.6,3.1985428334,2.38589799331
585.9,3.17286064658,2.24595652174
538.0,3.08409556648,2.21901672241
502.25,3.33865845759,2.30976254181
435.2,3.23912832533,2.24722742475
530.2,3.20681790331,2.49764548495
533.0,3.40394666637,2.11605685619
509.0,3.44667537023,2.05330434783
525.0,3.8491489809,2.06135785953
548.35,3.3098883383,2.42843812709
479.75,3.78766505176,2.06719063545
528.25,3.50389507679,2.19209698997
539.0,14.9200147852,0.187886287625
770.166666667,0.865569182321,1.85170735786
477.0,3.10122241072,0.96535451505
536.583333333,3.41933443077,1.24505016722
551.333333333,2.11821998445,1.22179264214
641.0,2.28125180304,2.00667056856
477.333333333,5.12584344607,1.33301505017
571.25,2.60586444637,1.57620401338
646.4,3.09384052729,1.24409866221
407.75,4.37398616953,1.22868896321
589.25,3.0826500041,1.24319063545
530.5,4.10997097706,1.02727257525
662.333333333,4.31279185158,1.04786120401
534.0,3.8043345835,1.23910702341
479.4,3.0937100192,1.26850334448
819.1,0.869007364536,2.08278428094
376.875,1.58186044141,0.695177257525
43.0,11.5608529364,2.65177424749
374.833333333,2.56261999129,1.49551003344
395.19047619,2.34228430229,1.95456521739
346.285714286,2.11689860498,1.7552826087
383.933333333,2.71631227155,1.6245819398
422.083333333,2.73711383396,1.50952675585
459.3,2.66329973057,1.69469230769
370.333333333,2.67257103232,1.58952341137
430.833333333,2.27151983674,1.64190802676
466.5,2.41901420007,1.73404682274
466.166666667,2.32981956539,2.00602341137
489.404761905,2.14729832866,1.93232608696
488.0,2.40074187996,2.04121906355
514.107142857,2.0422236556,2.3582826087
113.5,7.85217783571,2.333909699
522.392857143,2.09921236068,2.2430367893
532.375,1.98617711467,2.72209866221
565.196428571,2.03495309788,2.78110033445
569.446428571,1.94829520908,2.82850501672
501.3,3.54624837669,3.41513210702
600.75,1.82989574633,3.19362541806
574.597222222,1.78142039029,3.19539130435
640.722222222,1.77197944134,3.52459531773
670.0,1.50900358144,4.14982441472
710.555555556,1.60358734397,4.23464214047
706.322222222,1.52940757524,4.22511204013
733.836363636,1.48661680726,4.71281438127
773.272727273,1.39926484353,5.38068394649
827.263636364,1.44553804545,5.21536454849
815.909090909,1.39921490649,5.49899498328
805.581818182,1.40207835201,5.49797157191
808.647435897,1.19897228357,6.30369230769
733.333333333,1.03273112219,6.87507023411
700.1,0.759324133916,8.20311371237
620.804511278,0.753617917252,8.70386789298
637.666666667,1.81743186971,3.69362207358
509.017857143,2.05854525345,4.07744983278
543.285714286,2.02658924382,4.16267892977
560.732142857,1.97662552183,3.98391973244
578.857142857,2.17171254155,3.96896655518
511.577777778,1.44591836148,3.59095986622
398.970238095,0.276790266355,2.57047658863
493.791666667,1.79473585662,2.63637959866
516.666666667,1.55492938153,3.06235953177
500.777777778,1.51279767636,3.08727424749
576.944444444,1.64628984237,2.69284448161
915.0,1.3910873747,3.08653177258
795.8,1.85691812613,3.06621404682
441.6,1.50687849796,3.26623578595
489.954545455,1.45461041032,3.24685953177
805.785714286,1.78564763941,3.22437123746
364.904761905,1.49705758858,3.34086287625
399.185714286,1.50928377416,3.20957859532
386.555555556,1.75589776483,3.02477759197
489.7,1.49184863911,3.57829765886
515.5,1.46185504977,3.52119732441
663.711111111,1.24780106783,4.25231438127
438.75,3.47946178157,2.33684782609
395.1,3.26654478837,1.4764264214
476.583333333,3.54885323189,1.18736120401
451.416666667,3.79742655522,1.47562374582
466.25,3.80101165982,1.39254180602
494.916666667,3.97927874422,1.2596722408
369.0,7.91358825753,1.28943143813
433.15,3.84892367552,1.49046822742
427.333333333,4.10544535153,1.19547324415
426.0,3.62971675331,1.55776086957
477.666666667,4.64601790198,1.61330267559
457.25,3.82450696064,1.63011371237
485.75,3.63279985455,1.86456521739
519.1,3.39564872002,2.09603511706
477.666666667,7.76912834546,2.05468060201
477.25,3.65641193109,1.93940468227
497.25,3.29256365288,2.05311204013
579.35,3.1177235343,2.71149331104
463.2,3.20581887495,2.32003846154
505.7,3.21323703623,2.22122909699
524.6,2.98940236123,2.54021571906
547.4,2.78612656179,3.10030100334
550.9,2.93266983134,2.83759197324
548.1,3.16147362332,2.74622408027
625.8,2.73582127095,3.53428093645
616.966666667,2.65122073371,3.22656856187
584.5,2.64370890406,3.81843478261
676.833333333,2.58709419305,3.58236120401
627.333333333,2.4983628223,3.75964381271
681.666666667,2.54874044752,3.99688294314
737.785714286,2.32530802923,4.24852173913
703.571428571,2.14974550983,4.80586454849
754.142857143,2.14822673194,5.02933444816
814.142857143,2.193141654,4.75633277592
751.142857143,2.10303737699,5.26293478261
838.910714286,1.93384345491,5.56205183946
867.0,1.84197912883,6.21913712375
905.888888889,1.64680779812,5.54154180602
935.6,1.44460642681,7.03038795987
939.0,1.27606528126,8.4037006689
831.148351648,1.11905903186,9.39057190635
899.214285714,1.06343306394,9.67470234114
767.296703297,1.12027048657,3.16051337793
767.2,0.735052337938,2.37503344482
157.0,7.29671451202,1.60699498328
650.0,2.87619346553,1.49205351171
558.666666667,6.41456451948,1.56198662207
425.066666667,2.93923397925,1.76163210702
483.8,3.17019122828,1.38619899666
636.2,3.00138768835,1.61610702341
589.666666667,2.89898083937,1.78982608696
780.3,2.87715693821,1.7223729097
621.6,2.94963304113,1.8440083612
664.75,3.48906119664,1.78295819398
579.75,3.58025312647,1.59928595318
602.25,3.62613152932,1.51218060201
615.2,2.84787558182,1.4303277592
727.5,3.77967768334,1.97560535117
642.2,3.11654887179,1.74751337793
824.701298701,0.654468768412,1.93535618729
277.266666667,2.76809224707,2.49282943144
329.738095238,2.19304497475,1.95189966555
454.095238095,2.15340129076,3.09301505017
492.125,2.08290454782,3.38171237458
436.321428571,2.00034891136,3.89581103679
533.910714286,1.98391072168,3.8650451505
524.928571429,2.0036445805,4.28747826087
508.785714286,2.03180855005,3.99932943144
580.0,2.03395147268,3.97063545151
528.428571429,2.0800446745,4.1920819398
524.75,2.00765867837,4.37285953177
554.821428571,2.02956011634,4.03464882943
534.125,2.08520547044,4.0616638796
536.321428571,2.09045506924,4.24921404682
538.517857143,2.11799097817,3.91997157191
519.428571429,2.08159035241,4.36297658863
457.333333333,5.21619097803,0.69543812709
550.166666667,7.68829049595,1.76484615385
523.333333333,6.00178964543,0.832369565217
543.416666667,4.2147851943,1.30573244147
553.5,3.8430288763,1.39148829431
527.583333333,4.27887033555,1.08393311037
557.5,4.21534438328,1.35596153846
485.75,4.68899319993,0.989277591973
450.0,3.60289312677,1.2335
444.75,3.51191932076,1.20450668896
512.333333333,5.54041667908,1.22481605351
508.583333333,4.07513798604,1.13692976589
421.0,3.68476015167,1.08484615385
490.0,3.77625276485,1.2468361204
459.333333333,4.35425743524,1.18621906355
481.75,4.00609080605,1.07573913043
480.166666667,4.39104906143,1.20595986622
337.21875,0.511498838323,2.00497993311
329.0,4.29117128105,3.515
382.4,1.46717527904,3.56812374582
432.5,1.46595410454,3.70887123746
569.933333333,1.47139608353,4.59605518395
612.7,1.47857191536,4.88832943144
686.181818182,1.4680418349,5.60843478261
374.583333333,4.42525991195,5.61932608696
526.6,1.46819914814,5.69841973244
539.4,1.49071490333,5.12020735786
588.6,1.50022062032,5.64255852843
645.1,1.49647867726,5.98404682274
553.7,1.48057117298,5.87422073579
566.090909091,1.47836850887,5.75620735786
633.927272727,1.46579225491,5.6864548495
622.538461538,1.15187049299,6.0915083612
619.538461538,1.15003040215,6.42726755853
601.45,1.37910869385,6.15583946488
431.340909091,1.57424900979,2.43144314381
524.984126984,1.73784790103,6.10821404682
523.805555556,1.8171797063,5.28005183946
510.138888889,1.77664481491,5.79070735786
545.097222222,1.72946037575,5.49823578595
553.375,1.69229893855,5.97162876254
404.666666667,2.20209803299,1.5893277592
387.95,2.76897567694,3.50023745819
398.333333333,2.79149463705,2.4744548495
425.9,2.77767662562,2.33437458194
455.933333333,2.69170631261,2.59846822742
459.2,2.73827107203,2.25062207358
